{
    "lr": 7.614948159030753e-05,
    "dropout": 0.472565462754134,
    "hidden_dim": 512,
    "bs": 4
}