{
    "lr": 9.627367108896386e-05,
    "dropout": 0.29421620732770204,
    "hidden_dim": 512,
    "bs": 4
}