{
    "lr": 2.2054195420718313e-05,
    "dropout": 0.49553933212923806,
    "hidden_dim": 256,
    "bs": 16
}