{
  "low": {
    "precision": 1.0,
    "recall": 0.9833333333333333,
    "f1-score": 0.9915966386554622,
    "support": 60.0
  },
  "medium": {
    "precision": 1.0,
    "recall": 0.8666666666666667,
    "f1-score": 0.9285714285714286,
    "support": 60.0
  },
  "high": {
    "precision": 0.8695652173913043,
    "recall": 1.0,
    "f1-score": 0.9302325581395349,
    "support": 60.0
  },
  "accuracy": 0.95,
  "macro avg": {
    "precision": 0.9565217391304347,
    "recall": 0.9500000000000001,
    "f1-score": 0.9501335417888086,
    "support": 180.0
  },
  "weighted avg": {
    "precision": 0.9565217391304347,
    "recall": 0.95,
    "f1-score": 0.9501335417888085,
    "support": 180.0
  }
}