{
  "low": {
    "precision": 0.9523809523809523,
    "recall": 1.0,
    "f1-score": 0.975609756097561,
    "support": 60.0
  },
  "medium": {
    "precision": 0.8181818181818182,
    "recall": 0.75,
    "f1-score": 0.782608695652174,
    "support": 60.0
  },
  "high": {
    "precision": 0.7741935483870968,
    "recall": 0.8,
    "f1-score": 0.7868852459016393,
    "support": 60.0
  },
  "accuracy": 0.85,
  "macro avg": {
    "precision": 0.8482521063166223,
    "recall": 0.85,
    "f1-score": 0.8483678992171247,
    "support": 180.0
  },
  "weighted avg": {
    "precision": 0.8482521063166224,
    "recall": 0.85,
    "f1-score": 0.8483678992171247,
    "support": 180.0
  }
}