{
  "low": {
    "precision": 0.7076923076923077,
    "recall": 0.7666666666666667,
    "f1-score": 0.736,
    "support": 60.0
  },
  "medium": {
    "precision": 0.9454545454545454,
    "recall": 0.8666666666666667,
    "f1-score": 0.9043478260869565,
    "support": 60.0
  },
  "high": {
    "precision": 0.8,
    "recall": 0.8,
    "f1-score": 0.8,
    "support": 60.0
  },
  "accuracy": 0.8111111111111111,
  "macro avg": {
    "precision": 0.8177156177156176,
    "recall": 0.8111111111111112,
    "f1-score": 0.8134492753623187,
    "support": 180.0
  },
  "weighted avg": {
    "precision": 0.8177156177156177,
    "recall": 0.8111111111111111,
    "f1-score": 0.8134492753623189,
    "support": 180.0
  }
}