{
  "low": {
    "precision": 0.9836065573770492,
    "recall": 1.0,
    "f1-score": 0.9917355371900827,
    "support": 60.0
  },
  "medium": {
    "precision": 1.0,
    "recall": 0.95,
    "f1-score": 0.9743589743589743,
    "support": 60.0
  },
  "high": {
    "precision": 0.967741935483871,
    "recall": 1.0,
    "f1-score": 0.9836065573770492,
    "support": 60.0
  },
  "accuracy": 0.9833333333333333,
  "macro avg": {
    "precision": 0.9837828309536402,
    "recall": 0.9833333333333334,
    "f1-score": 0.9832336896420353,
    "support": 180.0
  },
  "weighted avg": {
    "precision": 0.98378283095364,
    "recall": 0.9833333333333333,
    "f1-score": 0.9832336896420354,
    "support": 180.0
  }
}