{
  "low": {
    "precision": 0.7288135593220338,
    "recall": 0.7166666666666667,
    "f1-score": 0.7226890756302521,
    "support": 60.0
  },
  "medium": {
    "precision": 0.8524590163934426,
    "recall": 0.8666666666666667,
    "f1-score": 0.859504132231405,
    "support": 60.0
  },
  "high": {
    "precision": 0.7833333333333333,
    "recall": 0.7833333333333333,
    "f1-score": 0.7833333333333333,
    "support": 60.0
  },
  "accuracy": 0.7888888888888889,
  "macro avg": {
    "precision": 0.7882019696829365,
    "recall": 0.7888888888888889,
    "f1-score": 0.7885088470649967,
    "support": 180.0
  },
  "weighted avg": {
    "precision": 0.7882019696829367,
    "recall": 0.7888888888888889,
    "f1-score": 0.7885088470649968,
    "support": 180.0
  }
}