{
  "low": {
    "precision": 0.9672131147540983,
    "recall": 0.9833333333333333,
    "f1-score": 0.9752066115702479,
    "support": 60.0
  },
  "medium": {
    "precision": 0.7647058823529411,
    "recall": 0.8666666666666667,
    "f1-score": 0.8125,
    "support": 60.0
  },
  "high": {
    "precision": 0.8627450980392157,
    "recall": 0.7333333333333333,
    "f1-score": 0.7927927927927928,
    "support": 60.0
  },
  "accuracy": 0.8611111111111112,
  "macro avg": {
    "precision": 0.8648880317154184,
    "recall": 0.8611111111111112,
    "f1-score": 0.8601664681210135,
    "support": 180.0
  },
  "weighted avg": {
    "precision": 0.8648880317154184,
    "recall": 0.8611111111111112,
    "f1-score": 0.8601664681210135,
    "support": 180.0
  }
}