{
  "train_acc": [
    0.4930555555555556,
    0.6,
    0.8388888888888889,
    0.8347222222222223,
    0.8513888888888889
  ],
  "val_acc": [
    0.5111111111111111,
    0.7222222222222222,
    0.8555555555555555,
    0.8333333333333334,
    0.85
  ],
  "train_f1": [
    0.4904818105293567,
    0.5966488044725581,
    0.8390194686500029,
    0.8349985580382376,
    0.8510579595638623
  ],
  "val_f1": [
    0.4915977110377292,
    0.7155129398120051,
    0.8516779224409841,
    0.8292850467289719,
    0.8483678992171247
  ],
  "final_train_acc": 0.8513888888888889,
  "final_val_acc": 0.85,
  "final_train_f1": 0.8510579595638623,
  "final_val_f1": 0.8483678992171247
}