{
  "train_acc": [
    0.4652777777777778,
    0.6638888888888889,
    0.7402777777777778,
    0.7861111111111111,
    0.8305555555555556
  ],
  "val_acc": [
    0.5333333333333333,
    0.7611111111111111,
    0.7888888888888889,
    0.85,
    0.8611111111111112
  ],
  "train_f1": [
    0.4613460806590974,
    0.6653808670140424,
    0.7397632622113597,
    0.7833112108974177,
    0.8286638765327977
  ],
  "val_f1": [
    0.5090167917778191,
    0.7322554991931685,
    0.782206139060508,
    0.8462691058842163,
    0.8601664681210135
  ],
  "final_train_acc": 0.8305555555555556,
  "final_val_acc": 0.8611111111111112,
  "final_train_f1": 0.8286638765327977,
  "final_val_f1": 0.8601664681210135
}