{
  "train_acc": [
    0.5180555555555556,
    0.6791666666666667,
    0.7652777777777777,
    0.8111111111111111,
    0.8347222222222223
  ],
  "val_acc": [
    0.5666666666666667,
    0.7555555555555555,
    0.7777777777777778,
    0.7833333333333333,
    0.8111111111111111
  ],
  "train_f1": [
    0.5137332025573597,
    0.6703242558393787,
    0.7633980527238039,
    0.8102284861708482,
    0.8336262775152254
  ],
  "val_f1": [
    0.4961886334435354,
    0.748110619539191,
    0.7796714007240322,
    0.7774577094965445,
    0.8134492753623189
  ],
  "final_train_acc": 0.8347222222222223,
  "final_val_acc": 0.8111111111111111,
  "final_train_f1": 0.8336262775152254,
  "final_val_f1": 0.8134492753623189
}