{
  "train_acc": [
    0.4888888888888889,
    0.6986111111111111,
    0.7791666666666667,
    0.7555555555555555,
    0.8430555555555556
  ],
  "val_acc": [
    0.45555555555555555,
    0.48333333333333334,
    0.7666666666666667,
    0.8166666666666667,
    0.7888888888888889
  ],
  "train_f1": [
    0.48181922061091015,
    0.6887650937467082,
    0.778548540566389,
    0.7558482159219586,
    0.8426780556664499
  ],
  "val_f1": [
    0.4491433291639997,
    0.4363378684807256,
    0.7625073668664554,
    0.8150274189840973,
    0.7885088470649968
  ],
  "final_train_acc": 0.8430555555555556,
  "final_val_acc": 0.7888888888888889,
  "final_train_f1": 0.8426780556664499,
  "final_val_f1": 0.7885088470649968
}