{
  "train_acc": [
    0.5138888888888888,
    0.8375,
    0.9291666666666667,
    0.9458333333333333,
    0.9611111111111111
  ],
  "val_acc": [
    0.7555555555555555,
    0.8555555555555555,
    0.8277777777777777,
    0.9388888888888889,
    0.95
  ],
  "train_f1": [
    0.5134230099661359,
    0.8361895459722223,
    0.9290709485857166,
    0.9457510555138364,
    0.9610323477679206
  ],
  "val_f1": [
    0.7517789275334545,
    0.8570538585441715,
    0.8169790993320406,
    0.9389060273658387,
    0.9501335417888085
  ],
  "final_train_acc": 0.9611111111111111,
  "final_val_acc": 0.95,
  "final_train_f1": 0.9610323477679206,
  "final_val_f1": 0.9501335417888085
}