{
  "train_acc": [
    0.5375,
    0.7263888888888889,
    0.9027777777777778,
    0.9333333333333333,
    0.9652777777777778
  ],
  "val_acc": [
    0.5833333333333334,
    0.8388888888888889,
    0.9277777777777778,
    0.9611111111111111,
    0.9833333333333333
  ],
  "train_f1": [
    0.536049328660644,
    0.7235148703595,
    0.9024800641801505,
    0.93318371312119,
    0.9652251280841254
  ],
  "val_f1": [
    0.5680470763804097,
    0.8340975484075549,
    0.9271197664874166,
    0.9612710946146225,
    0.9832336896420354
  ],
  "final_train_acc": 0.9652777777777778,
  "final_val_acc": 0.9833333333333333,
  "final_train_f1": 0.9652251280841254,
  "final_val_f1": 0.9832336896420354
}